[
  {
    "id": "aa174ca2-35d4-44d1-b6d3-26fef5db916c",
    "data": [
      {
        "text": "I\u0027d like to go to ",
        "userDefined": false
      },
      {
        "text": "Johannesburg",
        "alias": "geo-city",
        "meta": "@sys.geo-city",
        "userDefined": true
      }
    ],
    "isTemplate": false,
    "count": 0,
    "updated": 1543407320
  },
  {
    "id": "5ee2f8d2-2811-497a-81e0-86900cf7f11a",
    "data": [
      {
        "text": "I\u0027m going to ",
        "userDefined": false
      },
      {
        "text": "Copenhagen",
        "alias": "geo-city",
        "meta": "@sys.geo-city",
        "userDefined": true
      },
      {
        "text": " tomorrow",
        "userDefined": false
      }
    ],
    "isTemplate": false,
    "count": 0,
    "updated": 1543369890
  },
  {
    "id": "1b9af512-7623-4497-bfb8-115f0767960b",
    "data": [
      {
        "text": "How about ",
        "userDefined": false
      },
      {
        "text": "Warsaw",
        "alias": "geo-city",
        "meta": "@sys.geo-city",
        "userDefined": true
      }
    ],
    "isTemplate": false,
    "count": 0,
    "updated": 1543369890
  },
  {
    "id": "0dfeb259-9530-464c-bc22-6231d9159e33",
    "data": [
      {
        "text": "Stockholm",
        "alias": "geo-city",
        "meta": "@sys.geo-city",
        "userDefined": true
      }
    ],
    "isTemplate": false,
    "count": 0,
    "updated": 1543358767
  },
  {
    "id": "7107e563-8871-46bd-812b-b1758c4818bc",
    "data": [
      {
        "text": "Tell me the time in ",
        "userDefined": false
      },
      {
        "text": "New York",
        "alias": "geo-city",
        "meta": "@sys.geo-city",
        "userDefined": false
      }
    ],
    "isTemplate": false,
    "count": 0,
    "updated": 1543358610
  },
  {
    "id": "6b8560aa-b561-48c9-afb3-c46672286a02",
    "data": [
      {
        "text": "For ",
        "userDefined": false
      },
      {
        "text": "London",
        "alias": "geo-city",
        "meta": "@sys.geo-city",
        "userDefined": false
      }
    ],
    "isTemplate": false,
    "count": 0,
    "updated": 1543358610
  },
  {
    "id": "5fdf4ce6-c0f4-4c29-bac5-f9ea1048534d",
    "data": [
      {
        "text": "In ",
        "userDefined": false
      },
      {
        "text": "Copenhagen",
        "alias": "geo-city",
        "meta": "@sys.geo-city",
        "userDefined": false
      }
    ],
    "isTemplate": false,
    "count": 0,
    "updated": 1543358610
  }
]